date,outcome,media_tv,media_social,media_search,media_display,media_radio,competitor_tv,competitor_digital,control_trend,control_inflation,control_unemployment,control_promo,control_price_index,control_temperature,control_special_events,seasonal_weekly,seasonal_annual,seasonal_holiday,seasonal_back_to_school,interaction_tv_social_synergy,interaction_search_social_synergy,interaction_search_display_cannibalization
2020-01-05,1323.7266387203988,2393.6793898692367,2829.21058080082,1541.566746598915,1362.4934337759198,1491.7797684744746,1288.3335617028283,2208.4577062711796,100.0,0.2879310242097567,5.112047980820517,1,100.11074581163919,22.14295680762096,0,0.0,2.82842712474619,0.0,0.0,208.18796210137253,104.42002861626148,-43.478007233214996
2020-01-12,1145.6747491330966,1548.506075417244,488.92771490354073,1963.505715701177,630.1276492535276,1259.0441402963263,3135.4065432615944,887.6981444655635,101.0504170754907,0.5060031260571229,5.001445760672497,0,99.17797326110014,21.29220639909602,0,0.36161004076596914,4.113027364478786,0.0,0.0,69.60954127556954,48.990110297329856,-33.36964663938746
2020-01-19,1223.640628597087,1481.5242186392097,1022.2247537355045,1061.610371269684,1281.478137882071,1857.8341441382122,1658.8813342932074,2159.0474276637888,102.10016831679052,0.7229204594032025,5.787058015675547,0,99.69230045082809,23.0807304879697,1,0.7179469928626732,5.337650403506252,0.0,0.0,98.45041731313572,52.08657217398286,-34.991247956565815
2020-01-26,1354.712115742483,1529.3536390138504,3659.064401081169,1709.5043531887995,642.6468635870583,1212.435093236992,2824.199741116535,3870.884510491931,103.1485889836723,0.8186296664570379,5.646289594022483,0,99.90708195092982,22.899985214229133,0,1.063814661127607,6.484438480308645,0.0,0.0,189.24698709873542,125.05185446692131,-31.444345275083794
2020-02-02,1353.9791641823422,5297.963421455487,1962.3124132637622,3567.1024524795857,2467.953840543242,3149.4330393323166,1562.6710511168483,2776.817964884968,104.19501652203925,1.009286186614518,5.620739269594784,0,100.12377625879677,22.93409738034163,0,1.3941695161313055,7.53666884238433,0.0,0.0,257.9458471780705,132.28538677688763,-89.01179572105818
2020-02-09,1388.0280276544258,3355.2486556778167,3713.699978989941,2235.008184139823,1198.2288553546036,2031.4699451732513,4617.079328410364,1281.9739111566173,105.2387916524995,1.1973405445153165,5.7519298089111235,0,99.04162132487285,33.615249919968534,0,1.7041942401934675,8.47899760163782,0.0,0.0,282.3941853463331,144.0499032148443,-49.09425799796783
2020-02-16,1149.8472230795808,1356.0910370985325,747.8006606688133,1136.8536949554414,628.76106328272,3384.1740221398186,733.9770053339929,1124.1911678323504,106.27925945356037,1.4688483263433105,6.1084699281952215,0,98.87732160582706,27.351625592098543,0,1.9893679747223856,9.297683482819632,0.0,0.0,80.56146070053452,46.101516899432404,-25.363919338961892
2020-02-23,1243.420735104643,3024.419277236757,1404.6755342647684,1867.4091960307208,1003.1912676401561,1567.4774507300563,2427.953778060696,1795.2617719435132,107.31577043766268,1.685534719521404,6.0747810384237155,0,99.454103320157,35.93104961615593,0,2.2455322445133032,9.98078820226208,0.0,0.0,164.8917756899856,80.97999768654904,-41.06131681658601
2020-03-01,1288.2995471897143,2492.493877830965,2104.6207145038647,1233.2101591647988,876.8282570102215,2347.8384185500454,2342.5029721030187,2200.7718529231347,108.34768161828715,1.8706541714155693,6.079376275636344,0,99.19479933064186,29.766257869004313,0,2.4689515976809693,10.518350554937825,0.0,0.0,183.22889284925984,80.55184116944261,-31.19586772232809
2020-03-08,1099.6657575915635,273.26989981327876,1088.4706095924923,806.9186367057094,361.9436390749843,334.88635295650556,1091.9429693626091,1183.3167084705833,109.37435756637959,2.066147934366019,5.740597275466061,0,98.65576825565999,34.85741155581133,0,2.65636807695963,10.902531671259862,0.0,0.0,43.630906802076076,46.859023154207094,-16.212746868622254
2020-03-15,1141.9043575133492,859.5290138147783,958.321760324083,875.8271306020376,611.0039108506585,638.4477981981952,2352.7494702725016,1092.5405820515712,110.39517145435899,2.317317213447389,7.054713583084177,0,98.33743320815714,30.61182216132032,0,2.8050487280562444,11.127729325451678,0.0,0.0,72.60657193697448,45.80731921696945,-21.945852041428235
2020-03-22,1342.2080116024777,2719.654924866301,3054.267934440616,1672.045084129905,1443.5927232143395,3103.8741566676117,2737.3127371668916,3787.5423076224947,111.40950608599383,2.508087980285123,5.9024829180646154,0,98.30329439683747,36.134312312096824,0,2.912825452278156,11.190659628614206,0.0,0.0,230.56875527807523,112.99196526077674,-46.608764247752966
2020-03-29,1373.1182873851396,5665.181811491061,2024.9199069218419,2271.3990393415406,1927.1083005660903,2870.701916685286,3128.0989081061134,2293.5555360825715,112.41675491045369,2.6731782036305427,6.232482495351541,0,97.87760917168106,33.913871040011436,0,2.978126622294162,11.090404915220633,15.0,0.0,270.95728875431024,107.23107212144521,-62.76550603915844
2020-04-05,1203.2234774912588,1809.40784044689,1323.076758508429,1552.1305102117653,926.4900002095007,1403.9119679545079,1322.9850094957058,1726.9227374404147,113.41632301887073,2.8593930939844996,5.917795079450095,0,98.49451778772571,34.06245151797299,0,3.0,10.82842712474619,0.0,0.0,123.78007491633107,71.65172370977926,-35.97540906033097
2020-04-12,1216.7083062694528,1373.121407390837,1682.4856096353114,1065.580119656894,724.9929007301007,2973.199243870668,1069.2296441517005,1098.2046700130936,114.40762812177343,3.1064279011756337,6.658660943972981,0,98.46218402273051,36.720702620824156,0,2.978126622294162,10.408546483298604,0.0,0.0,121.59623700012482,66.94817430737372,-26.368242636158772
2020-04-19,1277.080019733557,2342.3962752146304,1775.3451712330884,2171.264342311065,1105.6914002536093,1208.2023496360594,1475.272454537534,956.5114876479122,115.39010150578663,3.331236146455531,6.6197000924035425,0,98.18439934875656,33.156703166153484,0,2.9128254522781565,9.836885796119045,0.0,0.0,163.14041885574116,98.16750564204706,-46.48304507961573
2020-04-26,1108.0123304285391,1287.2716761153956,969.8861488795646,1133.6364443575712,519.5887162700938,1503.1739512993756,929.8986585576145,1647.4980658198572,116.3631889680261,3.5334495451229864,6.875550663296741,0,97.53372758533877,29.74079815394593,0,2.8050487280562444,9.121781163294346,0.0,0.0,89.38928682151762,52.42848188836598,-23.02438347397536
2020-05-03,1131.124537446162,1667.7819949938716,1125.2070297624393,682.0351084115088,646.6807971358784,1615.5033432113844,3215.1621716927266,2081.1113753568434,117.32635172665243,3.743026510095228,6.189842855271565,0,97.77595088797823,35.565757075026504,0,2.65636807695963,8.273660420646491,0.0,0.0,109.59124125230679,43.80156100327411,-19.92368205990019
2020-05-10,1267.4042058064222,2056.5072779841394,2323.454329918803,1057.555009568545,743.3655413139192,1998.0163924413846,1417.391964097669,1669.4529157097554,118.27906730608821,3.9150393864154536,7.104783751520699,0,98.00678403533391,28.907056218457868,0,2.4689515976809693,7.304891078404875,0.0,0.0,174.87276727114315,78.37698587770133,-26.599529261651444
2020-05-17,1196.009857070183,783.8822007381618,2079.0297900929763,1073.3001062013163,840.232472738725,373.55618067934097,1596.8856637077317,2314.497847026791,119.220830395444,4.105341916393321,6.581569071543296,0,97.61067958224157,32.777213075760244,0,2.2455322445133037,6.229599975057956,0.0,0.0,102.12821579981214,74.68973983256488,-28.489286442482925
2020-05-24,1371.8486598976447,3560.914337655996,2425.7910428620253,2933.232453154058,1752.0378950387542,1457.982796628625,2941.379920241926,2660.3719874054527,120.15115367874282,4.272176700304596,6.82533092556167,0,96.4925150680845,32.86582950961093,0,1.9893679747223856,5.063467276237217,15.0,0.0,235.12426133851693,133.3736200630893,-68.00897713975013
2020-05-31,1116.830681660691,626.386760099755,809.7004856379554,1339.5961648110654,312.5882430095041,698.1488350736988,695.1470228360104,2299.4631892057632,121.06956863557893,4.457437736089608,7.188913113621411,0,96.69789616287244,27.394489541910687,0,1.7041942401934675,3.823497822593624,0.0,0.0,56.97357500315147,52.07378575651722,-19.41308348383906
2020-06-07,1122.333012824917,538.7088645167775,964.6129102965878,275.11766180180757,284.9861252177745,1302.9212405928056,438.55201637477114,553.3680423943188,121.9756263108958,4.724746649270939,7.020263640091674,0,96.60449446724193,30.51790611293189,0,1.3941695161313072,2.527773160929343,0.0,0.0,57.66915435365975,25.7576225817055,-8.400252661336093
2020-06-14,1241.7674971183303,2139.6868987324606,1869.7360931414953,873.6696194602096,999.4046055196366,1164.545613771918,998.8375470040103,1521.5733373702606,122.86889805261795,4.87085305870208,7.066822580894346,0,96.77253005120477,26.76442442922189,0,1.0638146611276076,1.1951878745292606,0.0,0.0,160.0129959238476,63.904843732418854,-28.03273973859868
2020-06-21,1285.038622646802,3015.3376986087815,2284.238459727975,2220.5654352217416,1560.0339063974343,1743.6924701673533,1992.2258223912777,2561.6508963009114,123.74897621592518,5.036417175380934,7.225171394167727,0,97.75111731802458,21.50215070387904,0,0.717946992862673,-0.15482594241016567,0.0,0.0,209.95619109107224,112.6088470045326,-55.83674089063654
2020-06-28,1295.0937954043245,1966.4632142981072,2426.580417370121,1661.3310547508752,1330.9219643995602,692.5124052805536,1689.9479784551183,2081.933424333569,124.61547483301202,5.173702232234146,7.124988300428253,0,97.73770139617005,26.012337210628072,0,0.36161004076596925,-1.5025820484715873,0.0,0.0,174.75525518474325,100.39115255124977,-44.609324045723056
2020-07-05,1229.4402174027691,1521.7791770846006,1586.1447350016683,2964.1153165638743,559.0174675279932,728.892724801426,1774.915393696779,2494.5382356256373,125.46803024723181,5.300156794374766,6.897667629235385,0,97.48078208774868,16.574984534781827,0,-9.64873589805982e-16,-2.8284271247461934,0.0,0.0,124.2902932220961,108.41489638543213,-38.61726315980749
2020-07-12,1260.7932652593902,1260.1052095833697,2541.119281091123,1014.9074785848763,505.8061553197044,1304.8907037934982,1255.332683217786,2329.854391318294,126.30630171058354,5.490818198665002,6.946410369976067,1,96.90712110392451,17.06184850645946,0,-0.3616100407659685,-4.113027364478784,0.0,0.0,143.1548005599683,80.29634117373602,-21.49445986233216
2020-07-19,1208.5939034708333,1058.0703471790425,2435.114650492979,825.0506855096886,553.7991888361845,627.3493088585087,266.3101172901309,733.4472524306536,127.12997194355998,5.659937739574962,7.048981351791655,0,96.75091020817698,15.791320624828652,0,-0.7179469928626723,-5.337650403506249,0.0,0.0,128.41240073869199,70.87123908335309,-20.27858871681171
2020-07-26,1434.0528164398802,3072.081170728767,3630.553794272094,1881.5689435874274,1163.3279605821115,1293.4771814847456,1577.0450897828514,3496.5771926419447,127.9387476564371,5.948022186114572,6.698572985830387,0,96.8311988829848,16.496597797416733,0,-1.063814661127607,-6.484438480308645,0.0,0.0,267.173123806433,130.68222208209758,-44.3846097837345
2020-08-02,1230.350688443373,1825.3344591226737,1771.2184987375463,1218.1480304256334,697.4727138356792,1676.3962385008595,2445.1468333288763,1331.0224782387977,128.73236003114823,6.133879858805682,7.240686232668705,0,96.85785259328418,16.37545231148688,0,-1.3941695161313041,-7.536668842384326,0.0,0.0,143.84583214830909,73.44396376984615,-27.652531735287795
2020-08-09,1182.4135990443544,1009.8640425870319,1737.9031092596683,1868.103486968877,378.2906216832337,480.43400640428706,2652.6186901298106,1003.7203980051183,129.51056516295154,6.398349701977184,6.996037912259337,0,97.71958526331773,14.637403469740807,0,-1.7041942401934667,-8.478997601637818,0.0,0.0,105.98251507237343,90.09138219638491,-25.219385926478576
2020-08-16,1151.006105853677,750.2810258787277,1239.4271453068827,820.8742863812743,394.9850625402412,455.076859804234,1297.4324262289158,2600.2060032297854,130.2731444611648,6.646750025724215,6.89246536574742,0,97.9691280460507,10.724405085110995,0,-1.989367974722385,-9.297683482819629,0.0,0.0,77.14583260636871,50.433467891504534,-17.0824404933717
2020-08-23,1121.4192054498412,2006.5607763277333,1173.6155739884211,1252.501783461404,1258.8915935065775,712.8838455173,1655.3849235553407,2161.414694606377,131.0199050083094,6.836302317963015,7.181548659693622,0,97.9017276102971,7.931531464042784,0,-2.2455322445133032,-9.98078820226208,0.0,0.0,122.76627490649115,60.62086273550091,-37.67077872099808
2020-08-30,1347.1741621132408,2548.08630088154,3986.6785436984064,1133.4724810542211,868.8065758537236,2152.017728993182,2210.3168891294667,3277.7266532673607,131.75067987707314,7.141809097067297,6.7348779583430085,0,97.54844732088036,2.1772892867122637,0,-2.4689515976809693,-10.518350554937825,0.0,0.0,254.97797217129204,106.28723371237328,-29.770648474298106
2020-09-06,1294.9126138855331,2336.163370753599,2632.2176979062156,1759.3105229707028,917.876934743532,1697.489151583692,2962.807308505499,1943.2496283963526,132.46532840457144,7.355235796390536,6.65683624545717,0,97.68178370277202,2.7757220518362065,0,-2.6563680769596285,-10.90253167125986,0.0,5.995133989029418,198.382105155849,107.59749410042183,-38.12279495364617
2020-09-13,1144.2352144177987,576.3494478415023,1683.7905605319922,537.1273483043192,278.12611477996535,1204.837113156802,1242.5027618068789,1141.388310882965,133.16373642345607,7.630886259690736,6.500579102586124,0,97.22827962358069,11.274722827593084,0,-2.805048728056244,-11.127729325451678,0.0,5.922301575827478,78.80920798356892,47.55023551146704,-11.59526749468726
2020-09-20,1139.115460973828,920.2680567558427,1160.2428860577959,1170.334566989375,601.3367193529383,676.8266252136,1954.8874219524214,1429.0984019442667,133.84581644949182,7.900716104269799,6.67728706389588,1,97.31819516334964,-0.07234322389839853,0,-2.912825452278156,-11.190659628614206,0.0,5.763108669788234,82.66499006925525,58.26389009620267,-25.167213476125223
2020-09-27,1069.781788988785,787.4574343257792,677.931150981859,2205.3532627583077,961.4227617577584,367.6863834182973,898.0940964525955,729.7157753866021,134.51150782529288,8.121448503525038,6.5895565288416575,0,97.56190212680207,2.7558949588028625,0,-2.978126622294162,-11.090404915220635,0.0,5.519876661952946,58.45158953125964,61.13668448123716,-43.68351110063519
2020-10-04,1162.0833407328166,1006.801681050192,1878.8698679392992,508.7317769187912,619.4324956365518,398.11669747907956,586.7481771784248,785.9640829645956,135.1607768199827,8.35900504591533,6.214328302220123,1,97.45367601541635,8.43381884615027,0,-3.0,-10.828427124746192,0.0,5.196152422706635,110.02979499072678,48.8835556837863,-16.840798519303704
2020-10-11,1201.8706477715764,2072.2169937457684,1410.3217385615185,2525.1580600226844,1098.8971600915302,2241.2361502292424,1260.3546412570215,1082.209011229469,135.79361668461377,8.590208616671305,6.27293712334757,0,97.13853279338377,5.738506786121292,0,-2.978126622294162,-10.408546483298604,0.0,0.0,136.76239654633153,94.35684004556617,-49.973994425571476
2020-10-18,1241.0098864775287,2907.345007479381,2037.9483360281583,1934.1112677086185,1272.0719494874684,1863.2123553211875,3854.928525033457,3182.4048524736586,136.41004766325617,8.73299554510172,6.035557064701317,0,96.04588436971632,8.220007951626295,0,-2.9128254522781565,-9.836885796119045,0.0,0.0,194.73089402972303,99.2675531042255,-47.0563048034565
2020-10-25,1194.8326666953408,1567.4108821075747,1081.6971130468664,890.1683085762902,794.1859333290894,1653.6418578997861,2331.31229623525,1028.2642913851378,137.01011695973654,8.935860062824371,5.924668957317664,0,96.61780273292652,7.603241413530807,0,-2.8050487280562444,-9.121781163294346,0.0,0.0,104.1679820638647,49.063542715360086,-25.224258840845533
2020-11-01,1072.5690233930993,708.546377491386,1341.59332384587,1187.1382787543541,839.6513974944118,1082.6371218790116,607.0353124915234,639.7396116048728,137.59389866008237,9.189572424521604,5.515706278837261,0,96.81945292804916,11.126907227284509,0,-2.6563680769596303,-8.273660420646495,0.0,0.0,77.99819853007351,63.1002533524771,-29.951695833419574
2020-11-08,1142.4013927810608,1220.6639290088217,1064.2052953932066,1697.521293205588,751.3657005493806,724.5655876481372,2431.3741220749207,1307.0837429397798,138.1614936107988,9.465881740389687,5.860173267983072,0,97.03326156884154,8.541523871289801,0,-2.468951597680971,-7.304891078404884,0.0,0.0,91.18024407588882,67.20325790599945,-33.88086994308464
2020-11-15,1295.2225069892622,3576.7789095635712,1826.5644287138007,1561.7117453269816,1269.1564413572069,1656.1204520387982,1239.9642780900203,1333.9629802063448,138.71302925317818,9.62984975679809,5.3101616310815105,1,96.2525854009529,10.762681964888017,0,-2.2455322445133032,-6.229599975057953,0.0,0.0,204.4812695669908,84.44772231858612,-42.23565873775914
2020-11-22,1231.1705598617991,1427.1650707476851,1721.6574982916584,1444.471017867954,698.6171088476469,722.1148316625352,2158.063287766554,2834.194788315691,139.2486594139142,9.85629132188874,5.570365068183219,1,96.94250475082292,7.880420530213045,0,-1.9893679747223865,-5.063467276237222,0.0,0.0,125.4008470874789,78.84929230781573,-30.136671177909065
2020-11-29,1120.2823923878898,1086.4889899156979,678.1887781769494,2002.5990557158257,662.889197493641,588.9565211930757,870.7369229585688,3192.3766107451984,139.76856405236515,10.063834832552617,5.411197713947123,0,96.70989631751388,13.238027725767072,0,-1.7041942401934678,-3.823497822593625,15.0,0.0,68.67172416410749,58.26963632060502,-34.565172541887996
2020-12-06,1184.430232085907,1203.8288449078784,742.6316902608573,855.3505158123246,531.1142009224059,1923.0751977206655,731.7268245428337,1138.2188954228063,140.2729489648812,10.257941129323537,5.794199845754797,0,96.56549866616415,11.84077412537579,1,-1.3941695161313052,-2.5277731609293346,0.0,0.0,75.64131991989407,39.85004389342635,-20.22028499163173
2020-12-13,1161.3312622559408,1940.5045886971313,1313.238044417029,928.067561461118,887.5893379099971,729.6497574029635,4726.409299359119,1938.6273216579045,140.76204544668144,10.475741260784789,5.056029633734919,0,96.03085523845473,13.321609090419823,0,-1.0638146611276078,-1.195187874529262,0.0,0.0,127.70827885440517,55.19904051476075,-27.228084493252865
2020-12-20,1163.0131109502913,766.355752405258,1328.9370815224056,878.4766027485884,504.9192616435609,546.2419751807602,1322.593982632762,1982.3075036678836,141.23610991183645,10.686641131318094,5.012717445066304,1,95.1373823727848,19.094435579628048,0,-0.7179469928626734,0.15482594241016434,0.0,0.0,80.73417425638195,54.02407177921771,-19.98008463114871
2020-12-27,1266.9981418150312,1059.4490466539198,2521.2376310084364,1087.7117454770037,782.0822094351151,994.6594675376376,2599.3605239797735,1898.6307261052023,141.69542347198072,10.913711509761724,5.006299753087101,0,95.71605552864659,20.896819924348236,0,-0.3616100407659709,1.502582048471581,15.0,0.0,130.74856002718806,82.80066099353454,-27.669694696871208
2021-01-03,1346.6522091233046,3149.7723935742515,2108.715677264715,2409.5588230277235,2218.2366324866266,1839.9132311361107,2244.3345890952764,1948.1678828716454,142.14029147444697,11.185797347809226,4.825956904549166,0,96.3593542133454,25.065326467238407,0,1.929747179611964e-15,2.828427124746197,15.0,0.0,206.17622638736026,112.70619398917341,-69.35758418827974
2021-01-10,1236.031340717936,2205.0828466962803,1938.8918053582117,1437.1931839932186,1010.1809989635067,869.0809839178569,1083.9396099554856,1185.9543389303126,142.57104300058114,11.425003727352461,5.290019444381991,0,96.27659013766873,26.67783976028845,0,0.3616100407659694,4.113027364478786,0.0,0.0,165.41665331583278,83.46499396694892,-36.147513354016915
2021-01-17,1299.1025617949056,1924.0438731915438,1618.4075356239252,1260.859411313779,1508.2803069589768,1725.193384982088,1709.1138577678785,835.9394589062264,142.9880303250629,11.640533290296096,4.417356427574469,0,95.93689785276555,26.341680448389685,0,0.7179469928626719,5.337650403506248,0.0,0.0,141.16967613748758,71.42451212000972,-41.370961771943556
2021-01-24,1375.6331880725443,3602.3930613726257,2619.7723797097883,1539.8691556714311,1560.752920757872,2045.2662139159531,1376.0259935071003,1412.001504039164,143.39162833711893,11.93376454313725,4.525668574676436,1,95.74837576819843,20.157736474927894,1,1.0638146611276065,6.484438480308644,0.0,0.0,245.7634614735682,100.42542858254387,-46.508276188966946
2021-01-31,1135.5906841493647,1042.2084874402124,960.1858782446858,577.8191274475445,654.4662683122513,2379.834257438642,7046.996834399416,1465.6390547964684,143.78223392458113,12.189261022931268,4.620988246174207,0,95.57356827318065,32.45389052950561,0,1.394169516131304,7.536668842384325,0.0,0.0,80.02854977876217,37.24291094808509,-18.448490867548813
2021-02-07,1237.4641835705581,1496.3050594717051,1525.5114198485978,800.522174027557,635.2835182761793,1310.1303931429834,3080.4558962960978,750.6325922165624,144.16026532180092,12.384641101001101,4.669348895202196,0,94.97363841209086,31.274874212966417,0,1.7041942401934664,8.478997601637818,0.0,0.0,120.8670133540515,55.25408849852346,-21.393987212693432
2021-02-14,1291.9407464761582,2492.5060417825894,2188.278239527568,1077.6867828132213,1094.9938840166683,1905.6257628806304,2121.02275237202,1978.780010745099,144.52616142249124,12.523785080883455,4.176717759135868,0,94.82751080436894,27.64925960335302,0,1.9893679747223856,9.297683482819632,0.0,0.0,186.8354867041926,76.78343792538605,-32.589176001541816
2021-02-21,1287.3138340377927,2482.064797603449,1971.2154699058988,1399.713529933068,1073.655761148167,1134.5731805609216,2854.3867877380135,1765.4913948570916,144.8803810586253,12.674393546837432,3.6037445089433495,0,94.9040618008361,33.41438868925486,0,2.2455322445133024,9.980788202262076,0.0,0.0,176.9553078282947,83.05325044272286,-36.77675143120593
2021-02-28,1174.9404593737227,530.9847854013567,1174.4187606553826,399.42197617530087,299.3745511518965,552.7319211585485,2723.8467534812808,984.9543356843749,145.22340224657708,12.921055169253213,4.025522389436813,0,95.41314042466048,29.23296076551665,0,2.4689515976809675,10.518350554937822,0.0,0.0,63.17460216753822,34.245023807785586,-10.373962471202399
2021-03-07,1194.5180601410327,1494.0354151234412,1424.6305719837464,1113.3845450445942,612.0638864893724,646.0660555173087,2895.3789128814547,1241.3919009880144,145.55572140174132,13.089539545290563,4.370932914498901,0,95.42026250666733,35.13773074512737,0,2.65636807695963,10.902531671259862,0.0,0.0,116.71362636501448,62.97145506586186,-24.765222078904852
2021-03-14,1239.8565312611047,1878.4985616459467,1832.8946395097332,2342.824391624586,962.1766904058888,918.7312927766814,2865.691266656866,875.703367028241,145.87785252292474,13.239136771434966,3.948526728766817,0,94.63208665221762,30.07643351705892,0,2.805048728056244,11.12772932545168,0.0,0.0,148.4445204155163,103.6116579917694,-45.04209050878946
2021-03-21,1427.8424541705306,2898.419957347242,3804.1791414380496,2174.1872372884313,1793.625057335811,1368.0533703753792,2905.4032666456733,2808.1025729903586,146.19032634784693,13.401232505100605,3.837487613450894,1,94.80886058381695,32.13947203503087,0,2.912825452278156,11.190659628614206,0.0,0.0,265.644679915025,143.79671186846963,-59.2427973455527
2021-03-28,1301.8711873626162,2623.8704539965947,1279.5892829822903,1415.4461532783507,1049.7104816260523,2278.1041524528505,2139.2674711409763,2110.935194768846,146.49368948114002,13.56686328949607,3.354849286045311,0,94.68089530298208,37.02042049907239,0,2.9781266222941616,11.090404915220633,15.0,0.0,146.58734489155154,67.29022455701657,-36.56812542291722
2021-04-04,1412.9734049722367,2044.1108532017017,3514.3039931708918,3452.0412180614644,659.6285259266513,881.0215088427602,4432.969879573974,1189.9001792880756,146.78850349627857,13.809395672885183,3.2360849605403055,0,95.36610014997402,38.21866022897868,0,3.0,10.828427124746193,0.0,0.0,214.41831166414045,174.1516741035233,-45.26983956341277
2021-04-11,1191.729562921878,277.8682863452739,559.347579472481,970.7382079916482,169.86465463490453,2329.618910336581,1684.85258150024,512.1924823641903,147.07534401291565,14.001558569096067,3.5083909982480277,1,96.08082905099602,35.866943689772235,0,2.978126622294162,10.408546483298604,0.0,0.0,31.539177250336277,36.8435905871558,-12.182146748306176
2021-04-18,1225.4932496484937,2108.23981549142,757.1138730778018,1644.8953768451943,1109.362064906122,1491.858219860395,1885.3858111013353,827.413283453468,147.35479975114166,14.132939839081098,2.997719362097477,0,96.81305620712966,33.70562135132687,0,2.9128254522781556,9.836885796119038,0.0,0.0,101.07193832778043,55.79814310465528,-40.52537573706586
2021-04-25,1254.610787027538,2235.299281238651,1300.336852799661,1510.7294026773475,727.6470105447291,1366.449418628922,2016.3326657828502,1857.5830444836909,147.62747156421838,14.334492083969215,3.5884409349214406,0,96.53226223944303,27.680644755230254,0,2.8050487280562444,9.12178116329435,0.0,0.0,136.39101512768264,70.07954617628053,-31.453933939019084
2021-05-02,1656.275679497458,9236.614623967349,3971.967022937074,3664.9410945146265,3283.601434321852,3266.1794894220857,3461.710530978802,2752.8995033065876,147.89397145137886,14.545605390591627,3.0344435807371966,0,97.5271897761118,32.654777085844074,0,2.6563680769596307,8.273660420646493,0.0,0.0,484.56184704932195,190.76834884499974,-104.07105866276171
2021-05-09,1374.708440596469,1783.633366736109,3446.800708861695,1153.2366027833257,957.2157988679955,935.434638295882,621.5926983191034,2979.5052258391042,148.15492155231422,14.721638547519584,3.2216907644741326,0,97.70266102855966,33.94521321887844,1,2.4689515976809715,7.304891078404888,0.0,0.0,198.35852393587354,99.6867185230663,-31.51994077429951
2021-05-16,1255.9620345038193,2555.715467855142,1301.0382400190078,1472.7932662434823,982.5463826180393,1028.2131563016683,1132.888861471223,2792.1039443129703,148.41095312499976,14.979432801729217,2.610470232389547,0,98.51585123139397,30.277365904759577,0,2.2455322445133037,6.229599975057957,0.0,0.0,145.87849309422106,69.21272207884304,-36.088487450744815
2021-05-23,1455.7254698583479,4340.406291300882,2825.0296000658636,3024.159938112987,1414.1855362478352,1401.3841932512562,2019.7220482942075,1128.1637883784424,148.66270550853977,15.158385857444603,3.0118269540961187,1,98.2645414244781,29.87910605032868,0,1.989367974722387,5.06346727623722,15.0,0.0,280.1345533759043,146.14497374612768,-62.04071984915699
2021-05-30,1275.693675385333,3321.735410730216,1396.2588920920211,2418.2982858097507,1173.0064227875275,1182.391598080198,896.9776678673023,2195.448018673779,148.91082507273512,15.41380274177646,2.7348001028438484,0,98.11524305567328,27.96411879721359,0,1.7041942401934704,3.8234978225936396,0.0,0.0,172.28817913083196,91.87723446660709,-50.52733398195293
2021-06-06,1514.0649106402245,4800.140952982164,4856.207929641751,1572.0051675876985,1734.2739619588085,2598.0930270303543,2170.2070167909446,3833.2307491998927,149.15596415609926,15.643641880760208,2.361529439945353,0,98.25225673200933,26.005728927192227,0,1.3941695161313055,2.5277731609293395,0.0,0.0,386.24744449553145,138.14832572526163,-49.53442103417415
2021-06-13,1140.5620943775166,478.9660560064054,2677.7088732306433,390.10294956986024,192.25122015236443,711.9424911251516,1481.2468638711932,1539.2848743623313,149.39877999406787,15.889972156162429,3.195312812906608,0,98.3281955368163,25.54670547551748,0,1.0638146611276083,1.19518787452926,0.0,0.0,90.59913140933348,51.10240037260141,-8.215716112175354
2021-06-20,1178.948616124921,736.3892962426196,1131.4075208952904,638.4326736490171,834.5480546638356,1310.8456772039474,497.6111028501465,1640.2018166351363,149.63993363916268,16.035044614122107,3.5069301135313644,0,98.95560150855087,22.771651217856,0,0.7179469928626763,-0.15482594241015035,0.0,0.0,73.02192056967836,42.49492700757899,-21.898001535410867
2021-06-27,1295.2759734946908,1074.775662264822,3207.965812249715,1579.6602333546368,589.35834286718,532.1980201255735,880.9038439207131,1885.7054854018731,149.880088874884,16.239960123734015,3.342490968356549,0,98.83953684927666,26.13791886472567,0,0.3616100407659686,-1.502582048471587,0.0,0.0,148.5469586173174,112.55549768416559,-28.946283762872987
2021-07-04,1152.6178237838967,359.3171948522547,1309.2453381604203,1706.3503256866927,393.11856667110777,239.67333940104305,2670.7744891799703,1508.464058452837,150.119911125116,16.437318723505275,3.2045072069711416,0,99.42184434443183,13.380743454848808,0,1.102182119232618e-15,-2.8284271247461885,0.0,0.0,54.87057425068231,74.73337957656233,-24.57067754144068
2021-07-11,1329.637052067468,1693.2311859523913,3223.2175110607373,1800.490306332605,830.6965572520453,871.6838911859943,1967.5810489467779,3036.5299073935275,150.36006636083732,16.566218397259895,2.8794125411697014,0,99.78796159799816,16.55442203825691,0,-0.3616100407659717,-4.113027364478796,0.0,0.0,186.89295175728185,120.45094316636094,-36.68916718804827
2021-07-18,1132.4716421072308,686.108669120995,1485.6251901765168,615.3228108701275,720.0706081291866,381.32456285874014,1685.8994895865019,4126.819179608041,150.60122000593213,16.82147143375004,3.25634932036824,0,99.68126548869458,13.799496365134953,0,-0.7179469928626743,-5.337650403506253,0.0,0.0,80.76832337671536,47.80531005858246,-19.969183347275667
2021-07-25,1349.792896549972,4088.491332438123,2512.2683586499224,1880.7840620346624,1441.611782707843,1669.348365843788,3138.4200787597733,3768.361970508094,150.84403584390074,16.980601388904674,3.3999161456778313,1,100.00860379743574,15.338258494465197,0,-1.0638146611276063,-6.484438480308644,0.0,0.0,256.39204242376957,108.68571995095256,-49.39862769452669
2021-08-01,1142.3206339632582,728.2261332412601,1092.4177457376738,1432.2644027095603,540.2640777169122,289.2265981497267,672.9345531885174,1147.1833188376727,151.08917492726488,17.150122997462876,3.099162914049284,0,99.77197127401921,13.260586776992861,0,-1.3941695161313035,-7.536668842384323,0.0,0.0,71.35386300349235,62.542606479669,-26.389787909700605
2021-08-08,1250.1321879641941,1065.598919329298,2043.195554604223,1076.0188086604467,406.74718469019194,355.68636678534153,541.8660697343703,1911.9833745472097,151.33729449146023,17.29945720568299,2.735250215289302,0,100.94707417402208,16.345608103680945,0,-1.7041942401934684,-8.478997601637824,0.0,0.0,118.04343539466305,74.13698210956453,-19.846935758113844
2021-08-15,1222.8346814395989,2365.509324595984,1912.3121672951202,1362.3884891429593,1369.1304866856826,1261.1610823328988,2591.8265735999407,1259.5319217880656,151.58904687500024,17.53451652198651,2.980152225051759,0,99.61490801348485,15.906586271281457,0,-1.9893679747223851,-9.29768348281963,0.0,0.0,170.14990592110172,80.70489582997578,-40.972659831596786
2021-08-22,1070.914344202668,410.3184000955312,1594.4929046746263,736.1741662599534,319.70516156152513,1465.61409933262,1100.131389501861,1015.1352810400927,151.84507844768578,17.65822003604788,3.6870092545202007,0,99.95137961573236,6.453088410722046,0,-2.245532244513302,-9.980788202262076,0.0,0.0,64.70856648622747,54.171590448921066,-14.5541338692965
2021-08-29,1065.8584935397744,251.2230961135915,355.09500270140074,1437.8320339303266,162.06453894321797,704.5508856810645,577.4076389418728,1112.5675870566206,152.10602854862114,17.889113776071106,3.2066646982485296,0,99.06908166109385,7.6567422066960535,0,-2.468951597680967,-10.51835055493782,0.0,0.0,23.89417549018807,35.72698454854012,-14.481692825461979
2021-09-05,1285.9938099504213,1407.4597440402429,2480.507001788435,1391.3010817888628,536.1129442287777,1155.5743603826854,503.1956863671743,1179.4128307966587,152.37252843578162,18.141339475383283,2.2910107394237755,0,98.95625330948481,7.307072865974931,0,-2.656368076959627,-10.902531671259858,0.0,5.995133989029418,149.47831949448042,92.8861140721946,-25.909555521850614
2021-09-12,1214.161031867586,1457.1146861373584,2709.8168216293493,996.8539955827334,449.94459422567206,972.877120756125,1587.248815164573,1261.007120555548,152.64520024885834,18.36819839676457,2.913355229111628,0,98.91344926474919,3.5813151147067828,0,-2.8050487280562417,-11.127729325451675,0.0,5.922301575827481,158.96694272786522,82.17803426005213,-20.091693803416415
2021-09-19,1197.6757054602342,2050.6418078347124,1578.7147674281482,1466.0213979473608,732.0648175792837,1223.3341422530718,1397.8167894036308,1613.72050051721,152.92465598708432,18.60382982095689,3.2982984278391556,0,99.66726604420603,7.321018846722085,0,-2.912825452278157,-11.190659628614208,0.0,5.7631086697882346,143.94173276120787,76.06624794061354,-31.078938503914433
2021-09-26,1307.9372983757057,1710.0910465984098,3267.154472725282,820.3773950757727,516.039933582451,640.4106930612103,1219.395949206124,2107.880876645345,153.21149650372143,18.84180714443579,3.813726075183068,1,99.32118993816759,4.390844782234358,0,-2.978126622294162,-11.09040491522063,0.0,5.519876661952947,189.09691249365576,81.85810399167157,-19.51954781291568
2021-10-03,1331.187776599713,1456.1565693992025,2802.321729977378,1007.0208014880272,805.4520239316801,734.4588960839781,385.9091894596788,2041.7699114583988,153.50631051885998,18.994335928099503,3.503849731904831,1,99.97519589599848,1.7970954481970667,0,-3.0,-10.828427124746193,0.0,5.196152422706636,161.60434046996033,83.99399196593073,-27.01844274620302
2021-10-10,1143.9204674713337,655.7597059645087,1510.961184976876,1728.3401050958005,482.5396269290509,1676.990908415997,3473.6879347791214,1734.6297149129725,153.80967365215307,19.26607267708272,3.9900841800103866,1,99.38578757588607,4.27066197572956,0,-2.9781266222941625,-10.408546483298606,0.0,0.0,79.63225325996383,80.7999816404467,-27.396958418180287
2021-10-17,1190.4444539153646,1406.6942338928561,2425.9157712826104,707.5304231959849,492.39394380053847,911.0863945039014,599.6985680500322,914.0097351527135,154.12214747707526,19.443068864376045,3.608713548678666,0,100.0591224377635,2.442849020387268,0,-2.912825452278157,-9.836885796119054,0.0,0.0,147.7840960833984,65.5059007321745,-17.70721112690255
2021-10-24,1256.5994256509987,1492.502172163063,2202.8593440431505,1751.950206970167,648.0401441097636,2037.6593425608653,1340.4268790898627,1105.9917698397924,154.44427859825865,19.639749483496548,3.274582749867004,0,99.82194971681177,9.084696847976542,0,-2.805048728056245,-9.12178116329435,0.0,0.0,145.05772326252145,98.22550437287869,-31.96561681147838
2021-10-31,1118.939800295799,663.9262273788007,408.3339609553124,372.75223825457647,414.4267489145956,979.5545744264017,1062.566728741855,1217.8311727895564,154.77659775342292,19.823117617578998,3.8178560240652604,0,99.85866697643233,12.422837380542857,0,-2.6563680769596307,-8.273660420646493,0.0,0.0,41.654089927992665,19.506883266006998,-11.791125833669767
2021-11-07,1322.621782570816,4083.3913180480454,2058.202871901458,3371.240578658065,1284.1024229846573,2065.408765799043,2887.7198824992465,2798.7144926691,155.1196189413747,20.04769472362286,4.1740371563763485,0,99.69047764487713,8.389700133278776,0,-2.4689515976809684,-7.304891078404867,0.0,0.0,231.92340443039677,131.70703322967194,-62.418878361975686
2021-11-14,1210.5769458123098,1827.1647427626804,2209.0383461294505,1129.7656454118442,734.0365308685393,1116.483918066566,646.4293643062056,4899.460470794329,155.4738385775088,20.22079286146599,4.25775949389688,0,100.33165938193493,9.10616908159331,0,-2.2455322445133037,-6.229599975057958,0.0,0.0,160.72390202248855,78.98885416396499,-27.319596072184332
2021-11-21,1228.8679156782919,559.5120026696459,3013.350718214616,1143.448729953537,410.43296533476087,1468.330964271703,2100.219185833416,2097.8264331063438,155.83973467819908,20.42413864767786,3.9142579011379373,0,100.8755293035518,10.510464427010621,0,-1.9893679747223874,-5.063467276237222,0.0,0.0,103.87703176642738,92.81179951448901,-20.55184049297743
2021-11-28,1235.9600410058551,2408.5029568295968,1099.3509659819879,1494.59021722724,914.7228441036062,2294.871776762733,2152.6680430839438,2321.460994709368,156.21776607541887,20.56237145682056,4.299635031748465,0,101.09728016384408,15.025730885847615,0,-1.7041942401934662,-3.8234978225936147,15.0,0.0,130.1762510361663,64.09132544767652,-35.077374942323935
2021-12-05,1262.9125265420291,2792.93204314872,1117.3790072540114,1591.0819752643533,961.0535475232718,1220.1538993904865,1399.650215578546,786.8603791655166,156.60837166288107,20.820604717245637,5.326770942844107,0,100.52134597155069,16.51124943013502,0,-1.394169516131306,-2.527773160929341,0.0,0.0,141.3254657012995,66.66786328473103,-37.09721659444718
2021-12-12,1269.3298044372114,2018.1287489828605,1804.4905094103974,1423.002327159215,690.3293800925594,810.4870625791824,2457.585532781214,2489.341570682338,157.0119696749371,21.05414176454315,4.269509276483125,0,100.16383503753556,14.333965988717265,0,-1.0638146611276085,-1.1951878745292612,0.0,0.0,152.66578763943886,80.12169172932686,-29.733924781977255
2021-12-19,1153.0594589630746,1271.1955731931678,573.0806932459406,574.8038516897388,581.9447595579609,479.66836660333985,1802.633359137847,4395.3187694887465,157.42895699941886,21.23952877644806,4.957143657828477,0,99.6495467747825,17.16803481782389,0,-0.7179469928626767,0.1548259424101488,0.0,0.0,68.28165857794428,28.69708128916564,-17.350898545554273
2021-12-26,1199.1589471733676,839.2004896983992,1468.6251385814257,1076.689033227809,402.1945941837654,1465.7632432224668,5039.207219328243,1063.5557333542883,157.85970852555303,21.41607132494677,4.250240295584487,0,98.52547533138642,20.149889017701362,0,-0.36161004076597425,1.5025820484715715,15.0,0.0,88.8133660384395,62.873933005524876,-19.74169845537745
2022-01-02,1325.652439904257,1569.0971963520988,2121.9132169832733,1183.9195296265143,918.0367904486559,1584.7573318949421,1657.99280520551,1444.27029818363,158.30457652801928,21.648302737262657,5.2591375473709,0,99.15613438231144,16.586937630347816,0,3.859494359223928e-15,2.8284271247462014,15.0,0.0,145.97507907137393,79.24920343068315,-31.276085378688727
2022-01-09,1214.5287548714832,2224.664559698126,1298.448409333619,1270.2046407887296,1487.144795909398,4596.881682196273,1119.0866812440074,2828.651744138692,158.76389008816355,21.812938068230856,4.853059377788039,0,98.9922226191401,25.445874916091228,0,0.36161004076597136,4.113027364478795,0.0,0.0,135.9673409925406,64.2124441864719,-41.232031227675805
2022-01-16,1232.0384009314419,1804.3754325831515,1762.995843623592,1076.1731087114372,1142.8169287435453,1412.077549332009,2605.8010600356592,1873.6420745249322,159.23795455331856,22.019206334019117,5.361699837971528,0,98.82297563699395,28.79423063799505,0,0.7179469928626738,5.337650403506252,0.0,0.0,142.68525110562743,68.8710519318121,-33.26983562034231
2022-01-23,1541.3873263646926,4796.746958702535,3679.981416514087,2472.9436892033664,1741.771227964085,2181.1035345897117,2199.194430764868,1271.5491574442237,159.7270510351188,22.277276273390687,4.973052395097351,0,99.57102675370672,28.8141696201564,0,1.0638146611276058,6.4844384803086434,0.0,0.0,336.1136918865,150.83423699838656,-62.26212291278546
2022-01-30,1252.0498340127779,2976.0577613000587,1714.8770573847041,1360.4393247841144,1040.9354240408343,1876.055500922103,2194.1173644536298,1378.573283701303,160.23143594763485,22.43671341743383,5.565887168628127,0,99.33303245251354,23.234065845812854,0,1.3941695161313032,7.536668842384322,0.0,0.0,180.72871473109356,76.37057983995237,-35.7003716630987
2022-02-06,1123.1878810245955,921.0265167942919,917.2064944451635,1834.903363206684,880.6966929573252,1282.2394918944242,680.7203015254679,3276.0513593707124,160.7513405860858,22.65514345888984,5.322411018987974,0,98.91279698467058,22.610969834710694,0,1.7041942401934638,8.478997601637811,0.0,0.0,73.5291616820399,64.86496129291305,-38.136517820655314
2022-02-13,1193.7490875750643,756.7541054849622,1257.6690344210592,1319.417574498478,726.1168919856938,884.4106634319718,2615.2573078524915,1319.6771058378663,161.28697074682182,22.870929722236614,5.494695319195084,0,98.80042417441308,32.07299589416572,0,1.989367974722385,9.297683482819629,0.0,0.0,78.04598460454226,64.40866841733488,-29.364029859396407
2022-02-20,1259.1201747961247,2902.6211009762305,1345.2632378141166,1769.3976948478205,1682.1586169456405,1239.515331018763,1656.5069590419412,1495.0660484765585,161.8385063892012,23.06606288130348,5.953421412824023,0,98.23408964847464,28.94709287568025,0,2.2455322445133015,9.980788202262074,0.0,0.0,158.08432100262158,77.14119638610445,-51.75680458908579
2022-02-27,1376.919538461135,1738.7984499155677,3557.9092163105393,1768.4228677553233,868.8249007859553,1258.5963408382524,2268.9946023311145,2685.1179161528444,162.40610133991763,23.240873402098284,5.800330701168431,1,98.40626753311861,33.206158050773794,0,2.4689515976809666,10.518350554937818,0.0,0.0,198.981197588292,125.41818069483566,-37.18608396110862
2022-03-06,1378.6140879151433,3504.3105658129093,2034.752758798964,1218.5406084753145,2098.056058922305,1742.0227160733311,6417.539799882692,2127.874417561768,162.98988304026346,23.501613254943003,6.148790062820207,0,98.21943649398652,37.88728654482079,1,2.6563680769596294,10.90253167125986,0.0,0.0,213.62255448675714,78.73101143773835,-47.967800199603225
2022-03-13,1254.5237994495662,3015.9803343515173,1453.6983377991896,1179.317620226076,1247.0743530110176,1560.945777291986,1866.8329797389338,1312.2692637596797,163.58995233674386,23.671734823154658,6.078877097869306,0,97.96580078868962,32.05437811108599,0,2.805048728056244,11.12772932545168,0.0,0.0,167.5102499336796,65.46701582209057,-36.381686085366276
2022-03-20,1276.8559250780472,2032.997666076998,1637.5822459963028,1557.7811962604628,754.2761730331301,1792.0196187538206,2978.659531838167,1076.1627819670443,164.20638331538623,23.781132878098177,6.253685849631269,0,97.66884920267947,33.4314632921639,0,2.9128254522781565,11.190659628614208,0.0,0.0,145.96878316395436,79.85917026464489,-32.519186878279754
2022-03-27,1218.6250979876827,1031.8398191204851,1117.5477288500365,769.6842719958568,481.48028164673167,929.7522628699497,1499.9009836127266,5184.649276538705,164.8392231800173,24.013159557679728,6.459771257887611,1,97.61573845575846,35.720802029235756,0,2.978126622294162,11.090404915220631,15.0,0.0,85.90712180563865,46.37237620881001,-18.262776898753987
2022-04-03,1130.889346329065,489.05964209247855,889.6955766161592,682.9560576995691,576.8197048031438,299.83341871318214,943.5232423377704,2402.6143908559925,165.48849217470715,24.153094390191335,6.309208025995753,0,97.65747901851839,31.10747108005331,0,3.0,10.828427124746195,0.0,0.0,52.77054937875316,38.97508767015532,-18.829451942003143
2022-04-10,1259.362200696742,2541.922799080562,1357.1341697838643,1072.4736262403214,912.4583978963061,1084.550603239128,3977.0064364069904,1789.5131156206962,166.15418355050818,24.38768844743409,6.198206560541669,0,97.39749147431463,32.61706452345318,0,2.9781266222941625,10.408546483298606,0.0,0.0,148.58759652320649,60.32185765464184,-29.677075497878104
2022-04-17,1172.0942579848288,671.7917244902584,787.9652955350862,663.0111603974759,1151.1286422955568,654.2432444081472,330.0624155862081,1802.3561314530148,166.8362635765439,24.654433609826263,6.414673281439162,0,97.21810850626706,34.63869977264459,0,2.9128254522781574,9.836885796119056,0.0,0.0,58.205075502453795,36.13965221697829,-26.20858682198705
2022-04-24,1224.5151626436964,981.1281212677867,555.6139132858029,1943.213954442706,670.2700865240611,821.6356349601643,2949.872966699106,1150.8976689185572,167.5346715954286,24.885921103746195,7.0045094857373424,1,97.17734709285737,33.123879033827976,0,2.8050487280562466,9.121781163294358,0.0,0.0,59.06625079782019,51.95374648616527,-34.23784991557104
2022-05-01,1380.9433999263679,2370.6722526775616,2867.8073700362247,1927.674686130054,970.7735841938842,1429.7612318302297,633.5457776170576,2058.353139919597,168.24932012292686,25.13949166884057,6.74641446982586,0,97.0861380250876,35.107063646195826,0,2.6563680769596285,8.27366042064649,0.0,0.0,208.59348190267636,117.56061917066484,-41.03903139442821
2022-05-08,1249.7232207608242,2173.2745166082527,2106.534464395764,1634.9424901610837,923.8796764233194,1129.85687754139,2878.6663771214644,1497.96253366684,168.98009499169058,25.440494124187055,6.517442515283277,0,97.10167600852512,40.642696831722645,0,2.468951597680969,7.304891078404869,0.0,0.0,171.1715428653411,92.79093035999472,-36.87059973614048
2022-05-15,1196.242687964977,714.7986039826416,1511.2727782771608,784.0635641105771,399.0824319068131,255.2950042072079,1437.1565242286026,928.9948894556005,169.7268555388352,25.688832147317505,6.944267874500496,0,96.76334060690111,31.52507624082089,0,2.2455322445133037,6.229599975057959,0.0,0.0,83.1482790065837,54.42733506426905,-16.781400255678765
2022-05-22,1419.64443449185,4187.078825798158,2272.0075965075885,2086.480153657602,1282.1660083494241,1378.0438831940278,1372.113915181893,2186.09551241884,170.48943483704846,25.905360816948775,7.010527160852571,0,97.26563706146436,27.421704035497907,1,1.9893679747223876,5.063467276237223,15.0,0.0,246.74618407605158,108.86343232546447,-49.0682436725008
2022-05-29,1361.773525786169,4015.543348057348,1762.9061294758958,2560.384184589401,1342.0125910738254,1827.0618497716277,1676.7597907474274,1550.0464926404559,171.26763996885177,26.187058226124957,7.065441455756434,0,97.31405115016912,32.775692265240046,0,1.7041942401934707,3.823497822593642,0.0,0.0,212.85151228352908,106.22755024975629,-55.60990048844485
2022-06-05,1286.7403509969615,2761.8489382793823,1515.311987483395,1260.655251152769,1536.8776623873323,1144.5906043100945,2495.0453849060186,2239.203940358967,172.0612523435629,26.474797003367286,6.648532474740718,0,97.06212777375667,22.204392154695867,1,1.3941695161313061,2.527773160929342,0.0,0.0,163.65940835856466,69.10654842624686,-41.75794063314407
2022-06-12,1266.7558078940713,2679.483817821983,1192.0074378080585,1470.3504785683713,1059.910697207498,1218.0989538208894,4548.345359425643,2335.42324588616,172.87002805644002,26.763235592530258,6.762522515608519,0,97.23431988244594,21.15234879255072,0,1.063814661127609,1.1951878745292626,0.0,0.0,142.97333212215793,66.19419737858706,-37.45125072398655
2022-06-19,1281.0125717234152,2597.960458405895,1572.3813504023851,2549.173989035702,1250.1360101591592,1047.384842032277,761.2937573527201,2325.8733818568617,173.69369828941646,26.938628416770463,6.782368983280004,0,97.19713558303658,21.804424648370215,0,0.717946992862677,-0.15482594241014747,0.0,0.0,161.69075815529368,100.10336706737931,-53.5549510304056
2022-06-26,1320.6848731348834,3343.2355942487475,1560.0071315872674,2118.485019539455,1470.4060628297984,1206.114066768784,1175.9285328615126,1201.0131419550025,174.5319697527682,27.070927498845542,6.888156734826777,0,96.33022240579476,20.959390042270996,0,0.36161004076597464,-1.5025820484715702,0.0,0.0,182.6992522301841,90.89625595482937,-52.948370088893455
2022-07-03,1414.1478401694308,2656.975360828249,4228.9946830644485,1351.9418749675515,982.3566566557173,1068.234993462556,843.3339467366757,1975.5154136100919,175.38452516698797,27.243267889673795,7.16167575554312,1,96.50069875090557,18.142781790448385,0,1.83697019872103e-15,-2.828427124746186,0.0,0.0,268.16513925834175,119.55495599357181,-34.572824447206905
2022-07-10,1241.977777211188,823.8874636284283,2480.465662065026,1471.904469691521,572.0953866942133,649.9486145881926,1101.0550025220075,1635.9710415636516,176.25102378407482,27.47844997046346,7.08520654986594,0,95.99094564971347,18.097412822901077,0,-0.361610040765971,-4.113027364478794,0.0,0.0,114.36431787402684,95.53806172031452,-27.52930767543202
2022-07-17,1231.5476219798743,1280.2257507911124,1727.5365094889376,665.9905417715174,408.84263882437887,743.9082044773002,2299.7762040431603,2835.068443189097,177.13110194738204,27.686407917730065,7.097982835343257,0,96.45815954132912,17.234490743925665,0,-0.7179469928626735,-5.337650403506251,0.0,0.0,118.97258103962025,53.63121702620158,-15.654290066207103
2022-07-24,1401.78867784222,6073.507138494783,2471.6393936819486,2700.0951861305934,2377.6260240079323,2559.122408093387,1476.3476732652216,3254.71611193238,178.02437368910418,27.87608386847122,7.373445556605744,0,96.3372847218824,17.887805300187384,0,-1.0638146611276056,-6.484438480308642,0.0,0.0,309.95761776152284,129.16715554593753,-76.0120709075761
2022-07-31,1075.2706955384422,199.2114809601124,600.0159537478456,1364.4812278369652,574.8082179724038,138.13595787280144,1096.7660265331572,922.1274730356173,178.93043136442105,28.104107938411467,7.148550914599593,0,96.72731987057793,13.302717240874808,0,-1.3941695161313075,-7.536668842384338,0.0,0.0,27.658496473473335,45.24131146672332,-26.568468543120566
2022-08-07,1158.919706239181,936.2892844505501,1297.3198374808958,1381.469909763663,550.1316149554925,376.32713788319006,2168.918296112635,761.9928419748621,179.84884632125718,28.230567684327802,6.866901245518266,0,96.41221059397913,9.79319005594738,0,-1.7041942401934635,-8.47899760163781,0.0,0.0,88.16953350770518,66.93669245674123,-26.153226287088028
2022-08-14,1329.371629120639,2807.5763703915363,2806.4401734704793,2021.1371887447176,1062.9088516082402,1181.649987000268,1320.7507478961206,5375.131791235731,180.779169604556,28.437626149262382,6.51486693255508,0,96.44717522754945,13.09709628570631,0,-1.989367974722385,-9.297683482819629,0.0,0.0,224.56065715547936,119.08191091207307,-43.97108308204631
2022-08-21,1126.9460605333763,700.4353478646599,547.4451629538897,1446.1616926457625,381.0380495019925,863.9747816193309,1395.6693232252883,1672.059954612435,181.72093269391178,28.69354903150478,6.609435589442918,0,97.05229697780288,6.319192350243084,0,-2.245532244513305,-9.980788202262083,0.0,0.0,49.53866809031882,44.488600323232596,-22.26967371937041
2022-08-28,1207.6261014650422,2038.6392044633133,2054.0683566108182,1554.2038941054593,1056.0388283567436,1412.6577886653517,2914.979759919882,932.3202958832173,182.67364827334757,28.92101481373269,6.692400531002953,0,96.91778870459548,2.7574337745331974,0,-2.4689515976809666,-10.51835055493782,0.0,0.0,163.70713910755327,89.33701694431227,-38.43396536167919
2022-09-04,1127.4518797351639,1267.6538051912273,975.5808064972924,1265.557644757454,717.6308788368392,664.5518120636391,673.052713796816,995.3583473870432,183.6368110319739,29.155605304824377,6.960301492803729,0,96.62238015522757,10.336027668915477,0,-2.6563680769596294,-10.90253167125986,0.0,5.995133989029418,88.96556535209588,55.55748706838015,-28.589909414745872
2022-09-11,1186.8711406176915,690.028144563362,855.7694486469157,978.2366395800525,333.16088349138346,218.72675276461814,316.19238152449964,2175.917726050609,184.60989849421335,29.435473944322002,6.637768151555486,0,96.94990046211846,9.400316094151705,0,-2.8050487280562417,-11.127729325451675,0.0,5.922301575827481,61.4754587691104,45.74781496693676,-17.12656313436876
2022-09-18,1079.8089312302498,128.2858090833228,959.8673919383622,370.3746679964499,89.95119448072876,363.86345429296125,1482.7785373790148,3550.7714072506296,185.59237187822657,29.632166780078318,6.3775081747515685,0,97.26773126049395,3.058977561996907,0,-2.912825452278155,-11.190659628614204,0.0,5.763108669788237,28.072747210062552,29.812353421433755,-5.475772038034052
2022-09-25,1188.7035461806124,1347.6045987491937,871.2479108920586,1738.8665710864768,444.8377202004404,1163.43691400302,1787.8024292290957,3219.607685654542,186.5836769811293,29.799512197010802,6.277153630624034,1,96.99335669378654,3.9120703270664148,0,-2.978126622294162,-11.090404915220631,0.0,5.519876661952948,86.68463084515099,61.54234045312078,-26.384883874926924
2022-10-02,1090.0835093877472,587.026525037991,909.5263722034508,956.8694688028235,657.5384628173153,755.4000519539529,919.1034137871616,1563.516796695592,187.5832450895463,30.05898794914405,6.393340099696726,0,96.00062618357767,2.2492173640102116,0,-3.0,-10.828427124746185,0.0,5.196152422706631,58.45565050969849,46.64488226570186,-23.796231459415726
2022-10-09,1161.814927645214,1069.3522317686488,758.5959149520327,1585.82776043979,509.8297489260374,1279.2915119120778,905.2038563189418,1212.93294409643,188.59049391400617,30.317543980695746,6.593241585146721,1,95.69561469482848,6.08923954122459,0,-2.9781266222941625,-10.408546483298608,0.0,0.0,72.05359048550622,54.840734424494066,-26.975024597773075
2022-10-16,1176.5339664167216,1706.0962162764067,1097.7488514339225,2032.205481134846,818.6833630641322,2021.9365926624182,1633.9656277409244,797.3631644511495,189.60482854564103,30.545458564433535,6.710743536989622,0,96.0342944556717,10.632020612713465,0,-2.912825452278156,-9.83688579611904,0.0,0.0,109.48213112586178,74.68017194666699,-38.69573020320917
2022-10-23,1250.6208083425024,2196.483572899784,2138.272800599251,1316.9133178737088,883.4128034632005,1244.968706859122,919.5394758690195,1662.2559557521286,190.6256424336204,30.73744001440441,6.074398914053413,1,95.64677736095983,8.083401755504132,0,-2.8050487280562466,-9.121781163294358,0.0,0.0,173.37462016606088,83.90351494955779,-32.358001753117485
2022-10-30,1207.1746583929666,826.6229701469256,1274.6287139454107,938.3163041929413,295.6124731598666,718.8150025873981,658.2430761166398,803.1767513114098,191.6523183817128,30.937508996954808,6.021252674126535,0,95.64130844245173,9.825333542950943,0,-2.656368076959631,-8.273660420646495,0.0,0.0,82.11747188923385,54.68100456482716,-15.800006422778155
2022-11-06,1228.0755857702727,721.0991010304965,1828.806681587096,939.7636170237607,247.66856228741534,527.9700931969242,2344.3292017977706,1189.4637086076032,192.68422956233735,31.073670349348255,5.565263832240322,0,95.31256597346857,10.11442700666819,0,-2.4689515976809693,-7.30489107840487,0.0,0.0,91.86950237117065,65.54856943377007,-14.473248202337524
2022-11-13,1133.855041584251,396.49064944793435,767.9598690873948,1762.3063026422994,269.21356974892063,298.0581284590891,561.8557598572966,2153.0078453879355,193.72074054643963,31.32931767585861,6.402583381635355,0,94.34648239220553,8.771981331756182,0,-2.2455322445133077,-6.22959997505797,0.0,0.0,44.144410816820695,58.167441869766606,-20.663811208313426
2022-11-20,1335.0567578763266,2527.057267521054,2355.6403082149436,1179.244196442254,926.5130697137357,889.0607569106655,746.9990827576166,1611.8663057877625,194.76120834750049,31.58320024133507,5.288908922638247,0,94.00874180368557,13.303181440122007,0,-1.9893679747223878,-5.063467276237224,0.0,0.0,195.18750715006507,83.33479408938254,-31.358039548878658
2022-11-27,1421.66810933362,5128.239795316998,1830.412231528639,3104.3136393320256,1711.6709048364341,1961.9025898122163,1838.6851381434092,1647.717140161943,195.80498347796075,31.717616103811736,5.946504801244571,0,94.34530781403043,13.714120487771064,0,-1.7041942401934667,-3.8234978225936174,15.0,0.0,245.1029869756487,119.18655184137306,-69.15350318196742
2022-12-04,1367.0903577918446,2914.344169144108,2120.440807169937,1648.212807052851,1057.4320208806455,2564.8254475919293,1588.9376268251144,1806.8918737259203,196.8514110163277,31.960997708007046,5.369030542671376,0,93.16018157399752,17.347489564802853,1,-1.3941695161313112,-2.527773160929356,0.0,0.0,198.87192746916787,93.47376229422586,-39.60537462848865
2022-12-11,1392.1658776187917,3481.1813012721555,2912.0705467119733,1842.6893414403312,2180.8721247820213,2391.0836388037437,2802.483910802617,6507.573126688769,197.89983168320947,32.181202790757496,5.180700127475716,0,93.28626524923531,13.302279870876685,0,-1.0638146611276094,-1.1951878745292643,0.0,0.0,254.71484335482742,115.82358738560629,-60.13986063703625
2022-12-18,1142.7269221478057,844.5128302338982,562.8753644369419,1409.9926281996354,856.5409385574012,781.7418106505884,1091.7741869689935,774.834789925857,198.94958292450931,32.33010408523795,4.908072288944868,0,92.6932306335356,11.195930117050478,0,-0.7179469928626723,0.1548259424101719,0.0,0.0,55.1568217845563,44.543521258744,-32.96884541814316
2022-12-25,1291.9754538975694,2224.3492396376164,1468.3267438237929,1449.7485011738,1000.914014051837,3985.374236547281,4397.652280759514,2058.9822916103203,200.0,32.46980407518433,5.843771589666714,0,92.9974516682727,21.327702840789357,0,-0.361610040765975,1.5025820484715688,15.0,0.0,144.57820529889628,72.95040260498824,-36.1381548022025
